{
  "python_cpu_1thread": {
    "mean_ms": 56.98607699999999,
    "min_ms": 55.51550000000027,
    "max_ms": 58.518041999999326,
    "std_ms": 0.875897830798836,
    "n_runs": 20,
    "output_shape": [
      1,
      20484,
      100
    ]
  },
  "python_cpu_multithread": {
    "mean_ms": 73.83811670000037,
    "min_ms": 71.4579999999998,
    "max_ms": 79.46587500000035,
    "std_ms": 2.068971995686657,
    "n_runs": 20,
    "output_shape": [
      1,
      20484,
      100
    ]
  },
  "python_mps": {
    "mean_ms": 11.577856199998848,
    "min_ms": 11.33441699999338,
    "max_ms": 11.957125000002122,
    "std_ms": 0.1493869062448432,
    "n_runs": 20,
    "output_shape": [
      1,
      20484,
      100
    ]
  }
}