{
  "python_cpu_1thread": {
    "mean_ms": 56.59179999999999,
    "min_ms": 55.88649999999973,
    "std_ms": 0.6271821295731134,
    "n_runs": 5,
    "output_shape": [
      1,
      20484,
      100
    ]
  },
  "python_cpu_1thread_2048": {
    "mean_ms": 50.104983199999616,
    "min_ms": 44.01374999999952,
    "std_ms": 6.346961254031837,
    "n_runs": 5,
    "output_shape": [
      1,
      2048,
      100
    ]
  },
  "python_mps_2048": {
    "mean_ms": 10.037654100000104,
    "min_ms": 9.819417000000996,
    "std_ms": 0.16596643483218843,
    "n_runs": 10,
    "output_shape": [
      1,
      2048,
      100
    ]
  },
  "python_mps": {
    "mean_ms": 11.851920899999513,
    "min_ms": 11.622834000000637,
    "std_ms": 0.1443443965744724,
    "n_runs": 10,
    "output_shape": [
      1,
      20484,
      100
    ]
  }
}