{
  "python_cpu_1thread": {
    "mean_ms": 57.625668850000366,
    "min_ms": 56.04816700000015,
    "max_ms": 59.80516700000038,
    "std_ms": 0.9297822327927453,
    "n_runs": 20,
    "output_shape": [
      1,
      20484,
      100
    ]
  },
  "python_cpu_multithread": {
    "mean_ms": 75.26944570000022,
    "min_ms": 72.31312499999731,
    "max_ms": 85.46624999999963,
    "std_ms": 3.625773369712317,
    "n_runs": 20,
    "output_shape": [
      1,
      20484,
      100
    ]
  },
  "python_mps": {
    "mean_ms": 12.181589500000811,
    "min_ms": 11.646750000004147,
    "max_ms": 14.215500000005932,
    "std_ms": 0.6383060041525609,
    "n_runs": 20,
    "output_shape": [
      1,
      20484,
      100
    ]
  }
}