{
  "1": 0.012913,
  "10d": -0.008729,
  "10pp": 0.024277,
  "10r": -0.000281,
  "10v": -0.045209,
  "11l": -0.034593,
  "13l": -0.019523,
  "2": 0.040539,
  "23c": 0.045220,
  "23d": 0.003839,
  "25": -0.001954,
  "31a": 0.037849,
  "31pd": -0.035914,
  "31pv": -0.040601,
  "33pr": -0.082198,
  "3a": -0.031947,
  "3b": -0.034033,
  "4": -0.013101,
  "43": 0.071237,
  "44": 0.005369,
  "45": 0.005623,
  "46": 0.027288,
  "47l": -0.013667,
  "47m": 0.022294,
  "47s": 0.022666,
  "52": -0.127202,
  "55b": -0.015519,
  "6d": -0.002170,
  "6ma": 0.035442,
  "6mp": -0.051362,
  "6r": 0.007239,
  "6v": 0.039835,
  "7AL": 0.010981,
  "7Am": -0.013775,
  "7PC": 0.031784,
  "7PL": 0.031117,
  "7Pm": 0.031963,
  "8Ad": -0.011657,
  "8Av": -0.002765,
  "8BL": 0.009122,
  "8BM": -0.003560,
  "8C": -0.082167,
  "9-46d": 0.038907,
  "9a": 0.036325,
  "9m": 0.023777,
  "9p": 0.048548,
  "A1": -0.091745,
  "A4": 0.013916,
  "A5": -0.021614,
  "AAIC": -0.005170,
  "AIP": 0.011032,
  "AOS": -0.026938,
  "AVI": 0.017880,
  "DVT": -0.078713,
  "EC": -0.032972,
  "FEF": -0.006056,
  "FFC": -0.017834,
  "FOP1": -0.001077,
  "FOP2": -0.048149,
  "FOP3": -0.000535,
  "FOP4": 0.050351,
  "FOP5": 0.057156,
  "FST": -0.019870,
  "H": -0.044061,
  "IFJa": 0.040690,
  "IFJp": 0.006675,
  "IFSa": 0.053896,
  "IFSp": 0.008043,
  "IFa": -0.039808,
  "IP0": -0.006876,
  "IP1": 0.025169,
  "IP2": 0.048767,
  "IPS1": 0.041100,
  "Ig": 0.051375,
  "LBelt": 0.005499,
  "LIPd": -0.087533,
  "LIPv": -0.033405,
  "LO1": -0.015494,
  "LO2": 0.059593,
  "LO3": -0.026044,
  "MBelt": -0.018127,
  "MI": -0.011177,
  "MIP": 0.051369,
  "MST": 0.004232,
  "MT": -0.050986,
  "OFC": -0.079466,
  "PBelt": 0.039972,
  "PCV": 0.012027,
  "PEF": -0.036024,
  "PF": -0.056066,
  "PFm": 0.047319,
  "PFop": -0.040675,
  "PFt": -0.012489,
  "PGi": 0.003444,
  "PGp": 0.039682,
  "PGs": -0.002127,
  "PHA1": -0.088801,
  "PHA2": 0.003131,
  "PHA3": 0.008583,
  "PHT": 0.015181,
  "PI": -0.040768,
  "PIT": 0.028369,
  "POS1": -0.061756,
  "POS2": -0.078239,
  "PSL": -0.144208,
  "PeEc": -0.088222,
  "PeEc_post": -0.084504,
  "Pir": 0.005153,
  "PoI1": -0.041593,
  "PoI2": 0.016509,
  "Pol1": 0.059974,
  "Pol2": 0.005080,
  "PreS": 0.006624,
  "ProS": 0.033529,
  "RI": 0.037532,
  "RSC": 0.036801,
  "SCEF": -0.057915,
  "SFL": -0.001402,
  "STGa": 0.001692,
  "STSda": -0.002762,
  "STSdp": 0.041179,
  "STSva": 0.003213,
  "STSvp": -0.037884,
  "STV": -0.125177,
  "TA2": -0.004233,
  "TE1a": -0.073619,
  "TE1m": -0.067042,
  "TE1p": 0.035866,
  "TE2a": 0.047815,
  "TE2p": -0.035265,
  "TF": 0.010167,
  "TGd": -0.002914,
  "TGv": 0.039431,
  "TPOJ1": -0.072974,
  "TPOJ2": -0.032561,
  "TPOJ3": -0.032043,
  "V1": 0.006612,
  "V1_V2_V3_early": 0.022460,
  "V2": 0.007087,
  "V3": -0.025195,
  "V3A": 0.008853,
  "V3B": -0.040547,
  "V3CD": 0.009719,
  "V4": 0.009649,
  "V4t": 0.007318,
  "V6": 0.013501,
  "V6A": 0.000610,
  "V7": 0.011801,
  "V8": -0.027621,
  "VIP": 0.056432,
  "VMV1": 0.009097,
  "VMV2": 0.000625,
  "VMV3": -0.038434,
  "VVC": 0.026489,
  "a10p": -0.000929,
  "a24": 0.075338,
  "a24pr": -0.050532,
  "a32pr": -0.042571,
  "a47r": -0.070945,
  "a9-46v": 0.018763,
  "d23ab": -0.013839,
  "d32": 0.055918,
  "i6-8": -0.111695,
  "p10p": -0.066903,
  "p24": 0.006703,
  "p24pr": -0.083855,
  "p32": 0.026282,
  "p32pr": 0.037885,
  "p9-46v": -0.028738,
  "pOFC": -0.098745,
  "s32": -0.009032,
  "s6-8": 0.028390,
  "v23ab": -0.007838
}